Period,Moon,Group,Pair,Plot,Treatment,Date,Model Number,Predatory Arthropod Marks,Parasitoid Arthropod Marks,Bird Marks,Mammal/Other Marks,Total Marks,Marked,Marked.Arthropod,SampleID
1,New,North,A,ALAN I,Illuminated,6/15/2021,AI - 1,1,0,0,0,1,Yes,Yes,1 ALAN I
1,New,North,A,ALAN I,Illuminated,6/15/2021,AI - 2,1,0,0,0,1,Yes,Yes,1 ALAN I
1,New,North,A,ALAN I,Illuminated,6/15/2021,AI - 3,0,0,0,0,0,No,No,1 ALAN I
1,New,North,A,ALAN I,Illuminated,6/15/2021,AI - 4,2,0,0,0,2,Yes,Yes,1 ALAN I
1,New,North,A,ALAN I,Illuminated,6/15/2021,AI - 5,0,0,0,0,0,No,No,1 ALAN I
1,New,North,A,ALAN I,Illuminated,6/15/2021,AI - 6,2,0,0,0,2,Yes,Yes,1 ALAN I
1,New,North,A,ALAN I,Illuminated,6/15/2021,AI - 7,2,0,0,0,2,Yes,Yes,1 ALAN I
1,New,North,A,ALAN I,Illuminated,6/15/2021,AI - 8,1,0,0,0,1,Yes,Yes,1 ALAN I
1,New,North,A,ALAN I,Illuminated,6/15/2021,AI - 9,2,0,0,0,2,Yes,Yes,1 ALAN I
1,New,North,A,ALAN I,Illuminated,6/15/2021,AI - 10,0,0,0,0,0,No,No,1 ALAN I
1,New,North,A,ALAN I,Illuminated,6/15/2021,AI - 11,3,0,0,0,3,Yes,Yes,1 ALAN I
1,New,North,A,ALAN I,Illuminated,6/15/2021,AI - 12,0,0,0,0,0,No,No,1 ALAN I
1,New,North,A,ALAN I,Illuminated,6/15/2021,AI - 13,0,0,0,0,0,No,No,1 ALAN I
1,New,North,A,ALAN I,Illuminated,6/15/2021,AI - 14,1,0,0,0,1,Yes,Yes,1 ALAN I
2,Full,North,A,ALAN I,Illuminated,6/28/2021,AI - 15,0,0,0,0,0,No,No,2 ALAN I
2,Full,North,A,ALAN I,Illuminated,6/28/2021,AI - 16,1,0,0,0,1,Yes,Yes,2 ALAN I
2,Full,North,A,ALAN I,Illuminated,6/28/2021,AI - 17,0,0,0,0,0,No,No,2 ALAN I
2,Full,North,A,ALAN I,Illuminated,6/28/2021,AI - 18,5,1,0,0,6,Yes,Yes,2 ALAN I
2,Full,North,A,ALAN I,Illuminated,6/28/2021,AI - 19,0,0,0,0,0,No,No,2 ALAN I
2,Full,North,A,ALAN I,Illuminated,6/28/2021,AI - 20,1,0,0,0,1,Yes,Yes,2 ALAN I
2,Full,North,A,ALAN I,Illuminated,6/28/2021,AI - 21,0,0,0,0,0,No,No,2 ALAN I
2,Full,North,A,ALAN I,Illuminated,6/28/2021,AI - 22,1,0,0,0,1,Yes,Yes,2 ALAN I
2,Full,North,A,ALAN I,Illuminated,6/28/2021,AI - 23,0,1,0,0,1,Yes,Yes,2 ALAN I
2,Full,North,A,ALAN I,Illuminated,6/28/2021,AI - 24,0,0,0,0,0,No,No,2 ALAN I
2,Full,North,A,ALAN I,Illuminated,6/28/2021,AI - 25,2,0,0,1,3,Yes,Yes,2 ALAN I
2,Full,North,A,ALAN I,Illuminated,6/28/2021,AI - 26,0,0,0,1,1,Yes,No,2 ALAN I
2,Full,North,A,ALAN I,Illuminated,6/28/2021,AI - 27,2,0,0,0,2,Yes,Yes,2 ALAN I
2,Full,North,A,ALAN I,Illuminated,6/28/2021,AI - 28,0,0,0,0,0,No,No,2 ALAN I
2,Full,North,A,ALAN I,Illuminated,6/28/2021,AI - 29,0,0,0,0,0,No,No,2 ALAN I
2,Full,North,A,ALAN I,Illuminated,6/28/2021,AI - 30,0,0,0,0,0,No,No,2 ALAN I
2,Full,North,A,ALAN I,Illuminated,6/28/2021,AI - 31,2,1,0,0,3,Yes,Yes,2 ALAN I
2,Full,North,A,ALAN I,Illuminated,6/28/2021,AI - 32,1,0,0,0,1,Yes,Yes,2 ALAN I
3,New,North,A,ALAN I,Illuminated,7/13/2021,AI - 33,1,1,0,1,3,Yes,Yes,3 ALAN I
3,New,North,A,ALAN I,Illuminated,7/13/2021,AI - 34,14,0,0,0,14,Yes,Yes,3 ALAN I
3,New,North,A,ALAN I,Illuminated,7/13/2021,AI - 35,0,2,0,0,2,Yes,Yes,3 ALAN I
3,New,North,A,ALAN I,Illuminated,7/13/2021,AI - 36,0,0,0,0,0,No,No,3 ALAN I
3,New,North,A,ALAN I,Illuminated,7/13/2021,AI - 37,1,0,0,0,1,Yes,Yes,3 ALAN I
3,New,North,A,ALAN I,Illuminated,7/13/2021,AI - 38,2,0,0,0,2,Yes,Yes,3 ALAN I
3,New,North,A,ALAN I,Illuminated,7/13/2021,AI - 39,0,0,0,0,0,No,No,3 ALAN I
3,New,North,A,ALAN I,Illuminated,7/13/2021,AI - 40,0,0,0,0,0,No,No,3 ALAN I
3,New,North,A,ALAN I,Illuminated,7/13/2021,AI - 41,0,0,0,0,0,No,No,3 ALAN I
3,New,North,A,ALAN I,Illuminated,7/13/2021,AI - 42,1,0,0,0,1,Yes,Yes,3 ALAN I
3,New,North,A,ALAN I,Illuminated,7/13/2021,AI - 43,1,0,0,0,1,Yes,Yes,3 ALAN I
3,New,North,A,ALAN I,Illuminated,7/13/2021,AI - 44,1,0,0,0,1,Yes,Yes,3 ALAN I
3,New,North,A,ALAN I,Illuminated,7/13/2021,AI - 45,0,0,0,0,0,No,No,3 ALAN I
3,New,North,A,ALAN I,Illuminated,7/13/2021,AI - 46,2,0,0,0,2,Yes,Yes,3 ALAN I
3,New,North,A,ALAN I,Illuminated,7/13/2021,AI - 47,0,0,0,0,0,No,No,3 ALAN I
3,New,North,A,ALAN I,Illuminated,7/13/2021,AI - 48,0,0,0,0,0,No,No,3 ALAN I
3,New,North,A,ALAN I,Illuminated,7/13/2021,AI - 49,1,0,0,0,1,Yes,Yes,3 ALAN I
4,Full,North,A,ALAN I,Illuminated,7/27/2021,AI - 50,0,0,0,0,0,No,No,4 ALAN I
4,Full,North,A,ALAN I,Illuminated,7/27/2021,AI - 51,1,0,0,0,1,Yes,Yes,4 ALAN I
4,Full,North,A,ALAN I,Illuminated,7/27/2021,AI - 52,0,0,0,1,1,Yes,No,4 ALAN I
4,Full,North,A,ALAN I,Illuminated,7/27/2021,AI - 53,2,5,0,0,7,Yes,Yes,4 ALAN I
4,Full,North,A,ALAN I,Illuminated,7/27/2021,AI - 54,0,0,0,0,0,No,No,4 ALAN I
4,Full,North,A,ALAN I,Illuminated,7/27/2021,AI - 55,0,0,0,0,0,No,No,4 ALAN I
4,Full,North,A,ALAN I,Illuminated,7/27/2021,AI - 56,0,0,0,0,0,No,No,4 ALAN I
4,Full,North,A,ALAN I,Illuminated,7/27/2021,AI - 57,1,0,0,0,1,Yes,Yes,4 ALAN I
4,Full,North,A,ALAN I,Illuminated,7/27/2021,AI - 58,2,0,0,0,2,Yes,Yes,4 ALAN I
4,Full,North,A,ALAN I,Illuminated,7/27/2021,AI - 59,0,0,0,0,0,No,No,4 ALAN I
4,Full,North,A,ALAN I,Illuminated,7/27/2021,AI - 60,0,0,0,0,0,No,No,4 ALAN I
4,Full,North,A,ALAN I,Illuminated,7/27/2021,AI - 61,2,1,0,0,3,Yes,Yes,4 ALAN I
4,Full,North,A,ALAN I,Illuminated,7/27/2021,AI - 62,0,0,0,0,0,No,No,4 ALAN I
4,Full,North,A,ALAN I,Illuminated,7/27/2021,AI - 63,2,0,0,0,2,Yes,Yes,4 ALAN I
4,Full,North,A,ALAN I,Illuminated,7/27/2021,AI - 64,0,0,0,0,0,No,No,4 ALAN I
1,New,North,A,Control II,Control,6/15/2021,CII - 1,1,0,0,0,1,Yes,Yes,1 Control II
1,New,North,A,Control II,Control,6/15/2021,CII - 2,0,0,0,0,0,No,No,1 Control II
1,New,North,A,Control II,Control,6/15/2021,CII - 3,2,0,0,0,2,Yes,Yes,1 Control II
1,New,North,A,Control II,Control,6/15/2021,CII - 4,2,0,0,0,2,Yes,Yes,1 Control II
1,New,North,A,Control II,Control,6/15/2021,CII - 5,0,0,0,0,0,No,No,1 Control II
1,New,North,A,Control II,Control,6/15/2021,CII - 6,0,0,0,0,0,No,No,1 Control II
1,New,North,A,Control II,Control,6/15/2021,CII - 7,1,0,0,0,1,Yes,Yes,1 Control II
1,New,North,A,Control II,Control,6/15/2021,CII - 8,1,0,0,0,1,Yes,Yes,1 Control II
1,New,North,A,Control II,Control,6/15/2021,CII - 9,0,0,0,0,0,No,No,1 Control II
1,New,North,A,Control II,Control,6/15/2021,CII - 10,1,0,0,0,1,Yes,Yes,1 Control II
1,New,North,A,Control II,Control,6/15/2021,CII - 11,3,0,0,0,3,Yes,Yes,1 Control II
1,New,North,A,Control II,Control,6/15/2021,CII - 12,0,0,0,0,0,No,No,1 Control II
1,New,North,A,Control II,Control,6/15/2021,CII - 13,1,0,0,0,1,Yes,Yes,1 Control II
2,Full,North,A,Control II,Control,6/28/2021,CII - 14,0,0,0,0,0,No,No,2 Control II
2,Full,North,A,Control II,Control,6/28/2021,CII - 15,2,1,0,0,3,Yes,Yes,2 Control II
2,Full,North,A,Control II,Control,6/28/2021,CII - 16,0,0,0,0,0,No,No,2 Control II
2,Full,North,A,Control II,Control,6/28/2021,CII - 17,0,0,0,0,0,No,No,2 Control II
2,Full,North,A,Control II,Control,6/28/2021,CII - 18,1,0,0,0,1,Yes,Yes,2 Control II
2,Full,North,A,Control II,Control,6/28/2021,CII - 19,0,0,0,0,0,No,No,2 Control II
2,Full,North,A,Control II,Control,6/28/2021,CII - 20,0,0,0,0,0,No,No,2 Control II
2,Full,North,A,Control II,Control,6/28/2021,CII - 21,3,0,0,0,3,Yes,Yes,2 Control II
2,Full,North,A,Control II,Control,6/28/2021,CII - 22,2,0,0,0,2,Yes,Yes,2 Control II
2,Full,North,A,Control II,Control,6/28/2021,CII - 23,0,0,0,0,0,No,No,2 Control II
2,Full,North,A,Control II,Control,6/28/2021,CII - 24,0,1,0,0,1,Yes,Yes,2 Control II
2,Full,North,A,Control II,Control,6/28/2021,CII - 25,2,0,0,0,2,Yes,Yes,2 Control II
2,Full,North,A,Control II,Control,6/28/2021,CII - 26,0,0,0,0,0,No,No,2 Control II
2,Full,North,A,Control II,Control,6/28/2021,CII - 27,3,0,0,0,3,Yes,Yes,2 Control II
2,Full,North,A,Control II,Control,6/28/2021,CII - 28,0,0,0,0,0,No,No,2 Control II
2,Full,North,A,Control II,Control,6/28/2021,CII - 29,2,0,0,0,2,Yes,Yes,2 Control II
2,Full,North,A,Control II,Control,6/28/2021,CII - 30,0,0,0,0,0,No,No,2 Control II
2,Full,North,A,Control II,Control,6/28/2021,CII - 31,0,0,0,0,0,No,No,2 Control II
2,Full,North,A,Control II,Control,6/28/2021,CII - 32,0,0,0,0,0,No,No,2 Control II
3,New,North,A,Control II,Control,7/13/2021,CII - 33,1,0,0,0,1,Yes,Yes,3 Control II
3,New,North,A,Control II,Control,7/13/2021,CII - 34,0,0,0,0,0,No,No,3 Control II
3,New,North,A,Control II,Control,7/13/2021,CII - 35,0,0,0,0,0,No,No,3 Control II
3,New,North,A,Control II,Control,7/13/2021,CII - 36,0,1,0,0,1,Yes,Yes,3 Control II
3,New,North,A,Control II,Control,7/13/2021,CII - 37,0,0,0,0,0,No,No,3 Control II
3,New,North,A,Control II,Control,7/13/2021,CII - 38,0,0,0,0,0,No,No,3 Control II
3,New,North,A,Control II,Control,7/13/2021,CII - 39,0,0,0,0,0,No,No,3 Control II
3,New,North,A,Control II,Control,7/13/2021,CII - 40,0,0,0,0,0,No,No,3 Control II
3,New,North,A,Control II,Control,7/13/2021,CII - 41,0,0,0,0,0,No,No,3 Control II
3,New,North,A,Control II,Control,7/13/2021,CII - 42,1,0,0,0,1,Yes,Yes,3 Control II
3,New,North,A,Control II,Control,7/13/2021,CII - 43,0,1,0,0,1,Yes,Yes,3 Control II
3,New,North,A,Control II,Control,7/13/2021,CII - 44,2,0,0,0,2,Yes,Yes,3 Control II
3,New,North,A,Control II,Control,7/13/2021,CII - 45,1,0,0,0,1,Yes,Yes,3 Control II
3,New,North,A,Control II,Control,7/13/2021,CII - 46,0,0,0,0,0,No,No,3 Control II
3,New,North,A,Control II,Control,7/13/2021,CII - 47,2,0,0,0,2,Yes,Yes,3 Control II
3,New,North,A,Control II,Control,7/13/2021,CII - 48,0,0,0,0,0,No,No,3 Control II
4,Full,North,A,Control II,Control,7/27/2021,CII - 49,0,0,0,0,0,No,No,4 Control II
4,Full,North,A,Control II,Control,7/27/2021,CII - 50,0,0,0,0,0,No,No,4 Control II
4,Full,North,A,Control II,Control,7/27/2021,CII - 51,0,0,0,0,0,No,No,4 Control II
4,Full,North,A,Control II,Control,7/27/2021,CII - 52,0,1,0,0,1,Yes,Yes,4 Control II
4,Full,North,A,Control II,Control,7/27/2021,CII - 53,3,0,0,0,3,Yes,Yes,4 Control II
4,Full,North,A,Control II,Control,7/27/2021,CII - 54,2,0,0,0,2,Yes,Yes,4 Control II
4,Full,North,A,Control II,Control,7/27/2021,CII - 55,0,0,0,0,0,No,No,4 Control II
4,Full,North,A,Control II,Control,7/27/2021,CII - 56,0,0,0,0,0,No,No,4 Control II
4,Full,North,A,Control II,Control,7/27/2021,CII - 57,8,0,0,1,9,Yes,Yes,4 Control II
4,Full,North,A,Control II,Control,7/27/2021,CII - 58,2,0,0,0,2,Yes,Yes,4 Control II
4,Full,North,A,Control II,Control,7/27/2021,CII - 59,0,0,0,0,0,No,No,4 Control II
4,Full,North,A,Control II,Control,7/27/2021,CII - 60,1,0,0,0,1,Yes,Yes,4 Control II
4,Full,North,A,Control II,Control,7/27/2021,CII - 61,0,0,0,0,0,No,No,4 Control II
4,Full,North,A,Control II,Control,7/27/2021,CII - 62,0,0,0,0,0,No,No,4 Control II
4,Full,North,A,Control II,Control,7/27/2021,CII - 63,15,0,0,0,15,Yes,Yes,4 Control II
1,New,North,B,ALAN III,Illuminated,6/15/2021,AIII - 1,2,0,0,0,2,Yes,Yes,1 ALAN III
1,New,North,B,ALAN III,Illuminated,6/15/2021,AIII - 2,2,0,0,0,2,Yes,Yes,1 ALAN III
1,New,North,B,ALAN III,Illuminated,6/15/2021,AIII - 3,0,0,0,0,0,No,No,1 ALAN III
1,New,North,B,ALAN III,Illuminated,6/15/2021,AIII - 4,0,0,0,2,2,Yes,No,1 ALAN III
1,New,North,B,ALAN III,Illuminated,6/15/2021,AIII - 5,0,0,0,0,0,No,No,1 ALAN III
1,New,North,B,ALAN III,Illuminated,6/15/2021,AIII - 6,0,0,0,0,0,No,No,1 ALAN III
1,New,North,B,ALAN III,Illuminated,6/15/2021,AIII - 7,1,0,0,0,1,Yes,Yes,1 ALAN III
1,New,North,B,ALAN III,Illuminated,6/15/2021,AIII - 8,1,0,0,0,1,Yes,Yes,1 ALAN III
1,New,North,B,ALAN III,Illuminated,6/15/2021,AIII - 9,1,0,0,0,1,Yes,Yes,1 ALAN III
1,New,North,B,ALAN III,Illuminated,6/15/2021,AIII - 10,0,0,0,0,0,No,No,1 ALAN III
1,New,North,B,ALAN III,Illuminated,6/15/2021,AIII - 11,2,0,0,0,2,Yes,Yes,1 ALAN III
1,New,North,B,ALAN III,Illuminated,6/15/2021,AIII - 12,2,0,0,0,2,Yes,Yes,1 ALAN III
1,New,North,B,ALAN III,Illuminated,6/15/2021,AIII - 13,0,0,0,0,0,No,No,1 ALAN III
2,Full,North,B,ALAN III,Illuminated,6/28/2021,AIII - 14,1,0,0,0,1,Yes,Yes,2 ALAN III
2,Full,North,B,ALAN III,Illuminated,6/28/2021,AIII - 15,0,0,0,0,0,No,No,2 ALAN III
2,Full,North,B,ALAN III,Illuminated,6/28/2021,AIII - 16,2,0,0,0,2,Yes,Yes,2 ALAN III
2,Full,North,B,ALAN III,Illuminated,6/28/2021,AIII - 17,1,0,0,0,1,Yes,Yes,2 ALAN III
2,Full,North,B,ALAN III,Illuminated,6/28/2021,AIII - 18,0,0,0,0,0,No,No,2 ALAN III
2,Full,North,B,ALAN III,Illuminated,6/28/2021,AIII - 19,1,0,0,0,1,Yes,Yes,2 ALAN III
2,Full,North,B,ALAN III,Illuminated,6/28/2021,AIII - 20,3,0,0,0,3,Yes,Yes,2 ALAN III
2,Full,North,B,ALAN III,Illuminated,6/28/2021,AIII - 21,1,0,0,0,1,Yes,Yes,2 ALAN III
2,Full,North,B,ALAN III,Illuminated,6/28/2021,AIII - 22,0,0,0,0,0,No,No,2 ALAN III
2,Full,North,B,ALAN III,Illuminated,6/28/2021,AIII - 23,2,0,0,0,2,Yes,Yes,2 ALAN III
2,Full,North,B,ALAN III,Illuminated,6/28/2021,AIII - 24,0,0,0,0,0,No,No,2 ALAN III
2,Full,North,B,ALAN III,Illuminated,6/28/2021,AIII - 25,1,0,0,0,1,Yes,Yes,2 ALAN III
2,Full,North,B,ALAN III,Illuminated,6/28/2021,AIII - 26,0,1,0,0,1,Yes,Yes,2 ALAN III
2,Full,North,B,ALAN III,Illuminated,6/28/2021,AIII - 27,2,0,0,0,2,Yes,Yes,2 ALAN III
2,Full,North,B,ALAN III,Illuminated,6/28/2021,AIII - 28,2,0,0,0,2,Yes,Yes,2 ALAN III
2,Full,North,B,ALAN III,Illuminated,6/28/2021,AIII - 29,1,0,0,1,2,Yes,Yes,2 ALAN III
2,Full,North,B,ALAN III,Illuminated,6/28/2021,AIII - 30,1,0,0,0,1,Yes,Yes,2 ALAN III
2,Full,North,B,ALAN III,Illuminated,6/28/2021,AIII - 31,1,0,0,0,1,Yes,Yes,2 ALAN III
3,New,North,B,ALAN III,Illuminated,7/13/2021,AIII - 32,3,0,0,0,3,Yes,Yes,3 ALAN III
3,New,North,B,ALAN III,Illuminated,7/13/2021,AIII - 33,0,0,0,0,0,No,No,3 ALAN III
3,New,North,B,ALAN III,Illuminated,7/13/2021,AIII - 34,3,0,0,0,3,Yes,Yes,3 ALAN III
3,New,North,B,ALAN III,Illuminated,7/13/2021,AIII - 35,0,0,0,0,0,No,No,3 ALAN III
3,New,North,B,ALAN III,Illuminated,7/13/2021,AIII - 36,0,0,0,0,0,No,No,3 ALAN III
3,New,North,B,ALAN III,Illuminated,7/13/2021,AIII - 37,6,1,0,0,7,Yes,Yes,3 ALAN III
3,New,North,B,ALAN III,Illuminated,7/13/2021,AIII - 38,2,0,0,0,2,Yes,Yes,3 ALAN III
3,New,North,B,ALAN III,Illuminated,7/13/2021,AIII - 39,1,0,0,0,1,Yes,Yes,3 ALAN III
3,New,North,B,ALAN III,Illuminated,7/13/2021,AIII - 40,0,0,0,0,0,No,No,3 ALAN III
3,New,North,B,ALAN III,Illuminated,7/13/2021,AIII - 41,0,0,0,0,0,No,No,3 ALAN III
3,New,North,B,ALAN III,Illuminated,7/13/2021,AIII - 42,1,0,0,0,1,Yes,Yes,3 ALAN III
3,New,North,B,ALAN III,Illuminated,7/13/2021,AIII - 43,2,0,0,0,2,Yes,Yes,3 ALAN III
3,New,North,B,ALAN III,Illuminated,7/13/2021,AIII - 44,1,0,0,0,1,Yes,Yes,3 ALAN III
3,New,North,B,ALAN III,Illuminated,7/13/2021,AIII - 45,0,0,0,0,0,No,No,3 ALAN III
3,New,North,B,ALAN III,Illuminated,7/13/2021,AIII - 46,1,0,0,1,2,Yes,Yes,3 ALAN III
3,New,North,B,ALAN III,Illuminated,7/13/2021,AIII - 47,11,0,0,0,11,Yes,Yes,3 ALAN III
4,Full,North,B,ALAN III,Illuminated,7/27/2021,AIII - 48,1,0,0,0,1,Yes,Yes,4 ALAN III
4,Full,North,B,ALAN III,Illuminated,7/27/2021,AIII - 49,0,0,0,0,0,No,No,4 ALAN III
4,Full,North,B,ALAN III,Illuminated,7/27/2021,AIII - 50,1,1,0,0,2,Yes,Yes,4 ALAN III
4,Full,North,B,ALAN III,Illuminated,7/27/2021,AIII - 51,0,0,0,0,0,No,No,4 ALAN III
4,Full,North,B,ALAN III,Illuminated,7/27/2021,AIII - 52,0,0,0,0,0,No,No,4 ALAN III
4,Full,North,B,ALAN III,Illuminated,7/27/2021,AIII - 53,1,0,0,0,1,Yes,Yes,4 ALAN III
4,Full,North,B,ALAN III,Illuminated,7/27/2021,AIII - 54,0,0,0,0,0,No,No,4 ALAN III
4,Full,North,B,ALAN III,Illuminated,7/27/2021,AIII - 55,0,0,0,0,0,No,No,4 ALAN III
4,Full,North,B,ALAN III,Illuminated,7/27/2021,AIII - 56,3,2,0,0,5,Yes,Yes,4 ALAN III
4,Full,North,B,ALAN III,Illuminated,7/27/2021,AIII - 57,2,0,0,1,3,Yes,Yes,4 ALAN III
4,Full,North,B,ALAN III,Illuminated,7/27/2021,AIII - 58,0,0,0,0,0,No,No,4 ALAN III
4,Full,North,B,ALAN III,Illuminated,7/27/2021,AIII - 59,0,0,0,0,0,No,No,4 ALAN III
4,Full,North,B,ALAN III,Illuminated,7/27/2021,AIII - 60,0,2,0,0,2,Yes,Yes,4 ALAN III
4,Full,North,B,ALAN III,Illuminated,7/27/2021,AIII - 61,1,0,0,0,1,Yes,Yes,4 ALAN III
4,Full,North,B,ALAN III,Illuminated,7/27/2021,AIII - 62,0,0,0,0,0,No,No,4 ALAN III
4,Full,North,B,ALAN III,Illuminated,7/27/2021,AIII - 63,2,0,0,1,3,Yes,Yes,4 ALAN III
4,Full,North,B,ALAN III,Illuminated,7/27/2021,AIII - 64,12,0,0,0,12,Yes,Yes,4 ALAN III
1,New,North,B,Control IV,Control,6/28/2021,CIV - 1,0,0,0,0,0,No,No,1 Control IV
1,New,North,B,Control IV,Control,6/28/2021,CIV - 2,0,0,0,0,0,No,No,1 Control IV
1,New,North,B,Control IV,Control,6/28/2021,CIV - 3,1,1,0,0,2,Yes,Yes,1 Control IV
1,New,North,B,Control IV,Control,6/28/2021,CIV - 4,2,0,0,0,2,Yes,Yes,1 Control IV
1,New,North,B,Control IV,Control,6/28/2021,CIV - 5,1,0,0,0,1,Yes,Yes,1 Control IV
1,New,North,B,Control IV,Control,6/28/2021,CIV - 6,0,0,0,0,0,No,No,1 Control IV
1,New,North,B,Control IV,Control,6/28/2021,CIV - 7,2,0,0,0,2,Yes,Yes,1 Control IV
1,New,North,B,Control IV,Control,6/28/2021,CIV - 8,0,0,0,0,3,No,No,1 Control IV
1,New,North,B,Control IV,Control,6/28/2021,CIV - 9,3,0,0,0,0,Yes,Yes,1 Control IV
1,New,North,B,Control IV,Control,6/28/2021,CIV - 10,0,0,0,0,0,No,No,1 Control IV
1,New,North,B,Control IV,Control,6/28/2021,CIV - 11,1,0,0,0,1,Yes,Yes,1 Control IV
1,New,North,B,Control IV,Control,6/28/2021,CIV - 12,1,0,0,0,1,Yes,Yes,1 Control IV
1,New,North,B,Control IV,Control,6/28/2021,CIV - 13,2,0,0,0,2,Yes,Yes,1 Control IV
1,New,North,B,Control IV,Control,6/28/2021,CIV - 14,0,0,0,0,0,No,No,1 Control IV
1,New,North,B,Control IV,Control,6/28/2021,CIV - 15,4,0,0,0,4,Yes,Yes,1 Control IV
1,New,North,B,Control IV,Control,6/28/2021,CIV - 16,0,0,0,0,0,No,No,1 Control IV
1,New,North,B,Control IV,Control,6/28/2021,CIV - 17,1,1,0,0,2,Yes,Yes,1 Control IV
2,Full,North,B,Control IV,Control,6/28/2021,CIV - 18,2,0,0,0,2,Yes,Yes,2 Control IV
2,Full,North,B,Control IV,Control,6/28/2021,CIV - 19,2,0,0,0,2,Yes,Yes,2 Control IV
2,Full,North,B,Control IV,Control,6/28/2021,CIV - 20,1,1,0,0,2,Yes,Yes,2 Control IV
2,Full,North,B,Control IV,Control,6/28/2021,CIV - 21,0,0,0,0,0,No,No,2 Control IV
2,Full,North,B,Control IV,Control,6/28/2021,CIV - 22,5,0,0,0,5,Yes,Yes,2 Control IV
2,Full,North,B,Control IV,Control,6/28/2021,CIV - 23,0,0,0,0,0,No,No,2 Control IV
2,Full,North,B,Control IV,Control,6/28/2021,CIV - 24,0,0,0,0,0,No,No,2 Control IV
2,Full,North,B,Control IV,Control,6/28/2021,CIV - 25,1,0,0,0,1,Yes,Yes,2 Control IV
2,Full,North,B,Control IV,Control,6/28/2021,CIV - 26,0,0,0,0,0,No,No,2 Control IV
2,Full,North,B,Control IV,Control,6/28/2021,CIV - 27,1,0,0,0,1,Yes,Yes,2 Control IV
2,Full,North,B,Control IV,Control,6/28/2021,CIV - 28,1,1,0,0,2,Yes,Yes,2 Control IV
2,Full,North,B,Control IV,Control,6/28/2021,CIV - 29,0,0,0,0,0,No,No,2 Control IV
2,Full,North,B,Control IV,Control,6/28/2021,CIV - 30,0,0,0,0,0,No,No,2 Control IV
3,New,North,B,Control IV,Control,7/13/2021,CIV - 31,5,0,0,0,5,Yes,Yes,3 Control IV
3,New,North,B,Control IV,Control,7/13/2021,CIV - 32,0,0,0,0,0,No,No,3 Control IV
3,New,North,B,Control IV,Control,7/13/2021,CIV - 33,0,0,0,0,0,No,No,3 Control IV
3,New,North,B,Control IV,Control,7/13/2021,CIV - 34,0,0,0,0,0,No,No,3 Control IV
3,New,North,B,Control IV,Control,7/13/2021,CIV - 35,1,1,0,0,2,Yes,Yes,3 Control IV
3,New,North,B,Control IV,Control,7/13/2021,CIV - 36,0,0,0,0,0,No,No,3 Control IV
3,New,North,B,Control IV,Control,7/13/2021,CIV - 37,2,0,0,0,2,Yes,Yes,3 Control IV
3,New,North,B,Control IV,Control,7/13/2021,CIV - 38,1,0,0,0,1,Yes,Yes,3 Control IV
3,New,North,B,Control IV,Control,7/13/2021,CIV - 39,0,0,0,0,0,No,No,3 Control IV
3,New,North,B,Control IV,Control,7/13/2021,CIV - 40,0,0,0,0,0,No,No,3 Control IV
3,New,North,B,Control IV,Control,7/13/2021,CIV - 41,1,1,0,0,2,Yes,Yes,3 Control IV
3,New,North,B,Control IV,Control,7/13/2021,CIV - 42,0,0,0,0,0,No,No,3 Control IV
3,New,North,B,Control IV,Control,7/13/2021,CIV - 43,1,0,0,0,1,Yes,Yes,3 Control IV
3,New,North,B,Control IV,Control,7/13/2021,CIV - 44,0,0,0,0,0,No,No,3 Control IV
4,Full,North,B,Control IV,Control,7/27/2021,CIV - 45,0,0,0,0,0,No,No,4 Control IV
4,Full,North,B,Control IV,Control,7/27/2021,CIV - 46,0,0,0,0,0,No,No,4 Control IV
4,Full,North,B,Control IV,Control,7/27/2021,CIV - 47,0,0,0,0,0,No,No,4 Control IV
4,Full,North,B,Control IV,Control,7/27/2021,CIV - 48,3,1,0,0,4,Yes,Yes,4 Control IV
4,Full,North,B,Control IV,Control,7/27/2021,CIV - 49,0,0,0,0,0,No,No,4 Control IV
4,Full,North,B,Control IV,Control,7/27/2021,CIV - 50,2,0,0,0,2,Yes,Yes,4 Control IV
4,Full,North,B,Control IV,Control,7/27/2021,CIV - 51,0,0,0,0,0,No,No,4 Control IV
4,Full,North,B,Control IV,Control,7/27/2021,CIV - 52,0,0,0,0,0,No,No,4 Control IV
4,Full,North,B,Control IV,Control,7/27/2021,CIV - 53,0,0,0,0,0,No,No,4 Control IV
4,Full,North,B,Control IV,Control,7/27/2021,CIV - 54,7,0,0,1,8,Yes,Yes,4 Control IV
4,Full,North,B,Control IV,Control,7/27/2021,CIV - 55,0,0,0,0,0,No,No,4 Control IV
4,Full,North,B,Control IV,Control,7/27/2021,CIV - 56,10,0,0,0,10,Yes,Yes,4 Control IV
4,Full,North,B,Control IV,Control,7/27/2021,CIV - 57,0,0,0,0,0,No,No,4 Control IV
4,Full,North,B,Control IV,Control,7/27/2021,CIV - 58,2,0,0,3,5,Yes,Yes,4 Control IV
4,Full,North,B,Control IV,Control,7/27/2021,CIV - 59,0,0,0,0,0,No,No,4 Control IV
4,Full,North,B,Control IV,Control,7/27/2021,CIV - 60,0,0,0,1,1,Yes,No,4 Control IV
4,Full,North,B,Control IV,Control,7/27/2021,CIV - 61,0,0,0,0,0,No,No,4 Control IV
4,Full,North,B,Control IV,Control,7/27/2021,CIV - 62,0,0,0,1,1,Yes,No,4 Control IV
1,New,South,C,ALAN VI,Illuminated,6/15/2021,AVI - 1,1,0,0,0,1,Yes,Yes,1 ALAN VI
1,New,South,C,ALAN VI,Illuminated,6/15/2021,AVI - 2,0,0,0,0,0,No,No,1 ALAN VI
1,New,South,C,ALAN VI,Illuminated,6/15/2021,AVI - 3,1,0,0,0,1,Yes,Yes,1 ALAN VI
1,New,South,C,ALAN VI,Illuminated,6/15/2021,AVI - 4,2,1,0,1,4,Yes,Yes,1 ALAN VI
1,New,South,C,ALAN VI,Illuminated,6/15/2021,AVI - 5,2,0,0,0,2,Yes,Yes,1 ALAN VI
1,New,South,C,ALAN VI,Illuminated,6/15/2021,AVI - 6,0,0,0,0,0,No,No,1 ALAN VI
1,New,South,C,ALAN VI,Illuminated,6/15/2021,AVI - 7,0,0,0,0,0,No,No,1 ALAN VI
1,New,South,C,ALAN VI,Illuminated,6/15/2021,AVI - 8,0,0,0,0,0,No,No,1 ALAN VI
1,New,South,C,ALAN VI,Illuminated,6/15/2021,AVI - 9,1,0,0,0,1,Yes,Yes,1 ALAN VI
1,New,South,C,ALAN VI,Illuminated,6/15/2021,AVI - 10,3,0,0,0,3,Yes,Yes,1 ALAN VI
1,New,South,C,ALAN VI,Illuminated,6/15/2021,AVI - 11,1,0,0,0,1,Yes,Yes,1 ALAN VI
1,New,South,C,ALAN VI,Illuminated,6/15/2021,AVI - 12,1,1,0,0,2,Yes,Yes,1 ALAN VI
1,New,South,C,ALAN VI,Illuminated,6/15/2021,AVI - 13,0,0,0,0,0,No,No,1 ALAN VI
1,New,South,C,ALAN VI,Illuminated,6/15/2021,AVI - 14,0,0,0,0,0,No,No,1 ALAN VI
1,New,South,C,ALAN VI,Illuminated,6/15/2021,AVI - 15,1,0,0,0,1,Yes,Yes,1 ALAN VI
1,New,South,C,ALAN VI,Illuminated,6/15/2021,AVI - 16,0,0,0,0,0,No,No,1 ALAN VI
1,New,South,C,ALAN VI,Illuminated,6/15/2021,AVI - 17,1,0,0,0,1,Yes,Yes,1 ALAN VI
2,Full,South,C,ALAN VI,Illuminated,6/28/2021,AVI - 18,0,0,0,0,0,No,No,2 ALAN VI
2,Full,South,C,ALAN VI,Illuminated,6/28/2021,AVI - 19,0,0,0,0,0,No,No,2 ALAN VI
2,Full,South,C,ALAN VI,Illuminated,6/28/2021,AVI - 20,1,0,0,0,1,Yes,Yes,2 ALAN VI
2,Full,South,C,ALAN VI,Illuminated,6/28/2021,AVI - 21,3,0,0,0,3,Yes,Yes,2 ALAN VI
2,Full,South,C,ALAN VI,Illuminated,6/28/2021,AVI - 22,3,0,0,0,3,Yes,Yes,2 ALAN VI
2,Full,South,C,ALAN VI,Illuminated,6/28/2021,AVI - 23,0,0,0,0,0,No,No,2 ALAN VI
2,Full,South,C,ALAN VI,Illuminated,6/28/2021,AVI - 24,0,0,0,0,0,No,No,2 ALAN VI
2,Full,South,C,ALAN VI,Illuminated,6/28/2021,AVI - 25,0,0,0,0,0,No,No,2 ALAN VI
2,Full,South,C,ALAN VI,Illuminated,6/28/2021,AVI - 26,1,0,0,0,1,Yes,Yes,2 ALAN VI
2,Full,South,C,ALAN VI,Illuminated,6/28/2021,AVI - 27,0,0,0,0,0,No,No,2 ALAN VI
2,Full,South,C,ALAN VI,Illuminated,6/28/2021,AVI - 28,1,0,0,0,1,Yes,Yes,2 ALAN VI
2,Full,South,C,ALAN VI,Illuminated,6/28/2021,AVI - 29,1,0,0,0,1,Yes,Yes,2 ALAN VI
2,Full,South,C,ALAN VI,Illuminated,6/28/2021,AVI - 30,0,0,0,0,0,No,No,2 ALAN VI
2,Full,South,C,ALAN VI,Illuminated,6/28/2021,AVI - 31,0,0,0,0,0,No,No,2 ALAN VI
2,Full,South,C,ALAN VI,Illuminated,6/28/2021,AVI - 32,0,0,0,0,0,No,No,2 ALAN VI
2,Full,South,C,ALAN VI,Illuminated,6/28/2021,AVI - 33,1,0,0,0,1,Yes,Yes,2 ALAN VI
2,Full,South,C,ALAN VI,Illuminated,6/28/2021,AVI - 34,0,0,0,0,0,No,No,2 ALAN VI
2,Full,South,C,ALAN VI,Illuminated,6/28/2021,AVI - 35,2,0,0,0,2,Yes,Yes,2 ALAN VI
2,Full,South,C,ALAN VI,Illuminated,6/28/2021,AVI - 36,1,0,0,0,1,Yes,Yes,2 ALAN VI
3,New,South,C,ALAN VI,Illuminated,7/13/2021,AVI - 37,0,0,0,0,0,No,No,3 ALAN VI
3,New,South,C,ALAN VI,Illuminated,7/13/2021,AVI - 38,2,3,0,0,5,Yes,Yes,3 ALAN VI
3,New,South,C,ALAN VI,Illuminated,7/13/2021,AVI - 39,0,0,0,0,0,No,No,3 ALAN VI
3,New,South,C,ALAN VI,Illuminated,7/13/2021,AVI - 40,1,0,0,0,1,Yes,Yes,3 ALAN VI
3,New,South,C,ALAN VI,Illuminated,7/13/2021,AVI - 41,0,0,0,0,0,No,No,3 ALAN VI
3,New,South,C,ALAN VI,Illuminated,7/13/2021,AVI - 42,2,0,0,0,2,Yes,Yes,3 ALAN VI
3,New,South,C,ALAN VI,Illuminated,7/13/2021,AVI - 43,0,0,0,0,0,No,No,3 ALAN VI
3,New,South,C,ALAN VI,Illuminated,7/13/2021,AVI - 44,0,0,0,1,1,Yes,No,3 ALAN VI
3,New,South,C,ALAN VI,Illuminated,7/13/2021,AVI - 45,0,1,0,0,1,Yes,Yes,3 ALAN VI
3,New,South,C,ALAN VI,Illuminated,7/13/2021,AVI - 46,6,0,0,0,6,Yes,Yes,3 ALAN VI
3,New,South,C,ALAN VI,Illuminated,7/13/2021,AVI - 47,0,0,0,0,0,No,No,3 ALAN VI
3,New,South,C,ALAN VI,Illuminated,7/13/2021,AVI - 48,1,0,0,0,1,Yes,Yes,3 ALAN VI
3,New,South,C,ALAN VI,Illuminated,7/13/2021,AVI - 49,0,0,0,1,1,Yes,No,3 ALAN VI
3,New,South,C,ALAN VI,Illuminated,7/13/2021,AVI - 50,0,0,0,0,0,No,No,3 ALAN VI
3,New,South,C,ALAN VI,Illuminated,7/13/2021,AVI - 51,1,0,0,0,1,Yes,Yes,3 ALAN VI
3,New,South,C,ALAN VI,Illuminated,7/13/2021,AVI - 52,1,0,0,0,1,Yes,Yes,3 ALAN VI
4,Full,South,C,ALAN VI,Illuminated,7/27/2021,AVI - 53,1,0,0,0,1,Yes,Yes,4 ALAN VI
4,Full,South,C,ALAN VI,Illuminated,7/27/2021,AVI - 54,1,1,0,0,2,Yes,Yes,4 ALAN VI
4,Full,South,C,ALAN VI,Illuminated,7/27/2021,AVI - 55,1,0,0,0,1,Yes,Yes,4 ALAN VI
4,Full,South,C,ALAN VI,Illuminated,7/27/2021,AVI - 56,0,0,0,0,0,No,No,4 ALAN VI
4,Full,South,C,ALAN VI,Illuminated,7/27/2021,AVI - 57,0,0,0,0,0,No,No,4 ALAN VI
4,Full,South,C,ALAN VI,Illuminated,7/27/2021,AVI - 58,1,1,0,0,2,Yes,Yes,4 ALAN VI
4,Full,South,C,ALAN VI,Illuminated,7/27/2021,AVI - 59,0,0,0,0,0,No,No,4 ALAN VI
4,Full,South,C,ALAN VI,Illuminated,7/27/2021,AVI - 60,0,2,0,0,2,Yes,Yes,4 ALAN VI
4,Full,South,C,ALAN VI,Illuminated,7/27/2021,AVI - 61,0,0,0,1,1,Yes,No,4 ALAN VI
4,Full,South,C,ALAN VI,Illuminated,7/27/2021,AVI - 62,0,0,0,0,0,No,No,4 ALAN VI
4,Full,South,C,ALAN VI,Illuminated,7/27/2021,AVI - 63,1,0,0,0,1,Yes,Yes,4 ALAN VI
4,Full,South,C,ALAN VI,Illuminated,7/27/2021,AVI - 64,1,1,0,0,2,Yes,Yes,4 ALAN VI
4,Full,South,C,ALAN VI,Illuminated,7/27/2021,AVI - 65,0,0,0,0,0,No,No,4 ALAN VI
4,Full,South,C,ALAN VI,Illuminated,7/27/2021,AVI - 66,1,0,0,0,1,Yes,Yes,4 ALAN VI
1,New,South,C,Control V,Control,6/15/2021,CV - 1,1,0,0,0,1,Yes,Yes,1 Control V
1,New,South,C,Control V,Control,6/15/2021,CV - 2,0,0,0,0,0,No,No,1 Control V
1,New,South,C,Control V,Control,6/15/2021,CV - 3,1,0,0,0,1,Yes,Yes,1 Control V
1,New,South,C,Control V,Control,6/15/2021,CV - 4,0,0,0,0,0,No,No,1 Control V
1,New,South,C,Control V,Control,6/15/2021,CV - 5,0,0,0,0,0,No,No,1 Control V
1,New,South,C,Control V,Control,6/15/2021,CV - 6,3,0,0,0,3,Yes,Yes,1 Control V
1,New,South,C,Control V,Control,6/15/2021,CV - 7,2,0,0,0,2,Yes,Yes,1 Control V
1,New,South,C,Control V,Control,6/15/2021,CV - 8,0,0,0,0,0,No,No,1 Control V
1,New,South,C,Control V,Control,6/15/2021,CV - 9,0,0,0,0,0,No,No,1 Control V
1,New,South,C,Control V,Control,6/15/2021,CV - 10,1,0,0,0,1,Yes,Yes,1 Control V
1,New,South,C,Control V,Control,6/15/2021,CV - 11,1,0,0,0,1,Yes,Yes,1 Control V
1,New,South,C,Control V,Control,6/15/2021,CV - 12,1,0,0,0,1,Yes,Yes,1 Control V
1,New,South,C,Control V,Control,6/15/2021,CV - 13,0,0,0,0,0,No,No,1 Control V
1,New,South,C,Control V,Control,6/15/2021,CV - 14,0,1,0,0,1,Yes,Yes,1 Control V
1,New,South,C,Control V,Control,6/15/2021,CV - 15,2,0,0,0,2,Yes,Yes,1 Control V
2,Full,South,C,Control V,Control,6/28/2021,CV - 16,0,0,0,1,1,Yes,No,2 Control V
2,Full,South,C,Control V,Control,6/28/2021,CV - 17,5,0,0,0,5,Yes,Yes,2 Control V
2,Full,South,C,Control V,Control,6/28/2021,CV - 18,0,0,0,0,0,No,No,2 Control V
2,Full,South,C,Control V,Control,6/28/2021,CV - 19,0,0,0,0,0,No,No,2 Control V
2,Full,South,C,Control V,Control,6/28/2021,CV - 20,0,0,0,1,1,Yes,No,2 Control V
2,Full,South,C,Control V,Control,6/28/2021,CV - 21,1,0,0,0,1,Yes,Yes,2 Control V
2,Full,South,C,Control V,Control,6/28/2021,CV - 22,0,0,0,0,0,No,No,2 Control V
2,Full,South,C,Control V,Control,6/28/2021,CV - 23,1,0,0,0,1,Yes,Yes,2 Control V
2,Full,South,C,Control V,Control,6/28/2021,CV - 24,0,0,0,0,0,No,No,2 Control V
2,Full,South,C,Control V,Control,6/28/2021,CV - 25,0,0,0,0,0,No,No,2 Control V
2,Full,South,C,Control V,Control,6/28/2021,CV - 26,0,0,0,0,0,No,No,2 Control V
2,Full,South,C,Control V,Control,6/28/2021,CV - 27,1,0,0,0,1,Yes,Yes,2 Control V
2,Full,South,C,Control V,Control,6/28/2021,CV - 28,2,0,0,0,2,Yes,Yes,2 Control V
2,Full,South,C,Control V,Control,6/28/2021,CV - 29,3,0,0,0,3,Yes,Yes,2 Control V
2,Full,South,C,Control V,Control,6/28/2021,CV - 30,0,0,0,0,0,No,No,2 Control V
2,Full,South,C,Control V,Control,6/28/2021,CV - 31,0,0,0,0,0,No,No,2 Control V
2,Full,South,C,Control V,Control,6/28/2021,CV - 32,1,0,0,0,1,Yes,Yes,2 Control V
2,Full,South,C,Control V,Control,6/28/2021,CV - 33,1,0,0,0,1,Yes,Yes,2 Control V
2,Full,South,C,Control V,Control,6/28/2021,CV - 34,0,0,0,0,0,No,No,2 Control V
3,New,South,C,Control V,Control,7/13/2021,CV - 35,0,0,0,0,0,No,No,3 Control V
3,New,South,C,Control V,Control,7/13/2021,CV - 36,0,0,0,0,0,No,No,3 Control V
3,New,South,C,Control V,Control,7/13/2021,CV - 37,2,0,0,1,3,Yes,Yes,3 Control V
3,New,South,C,Control V,Control,7/13/2021,CV - 38,0,0,0,0,0,No,No,3 Control V
3,New,South,C,Control V,Control,7/13/2021,CV - 39,2,0,0,1,3,Yes,Yes,3 Control V
3,New,South,C,Control V,Control,7/13/2021,CV - 40,1,0,0,0,1,Yes,Yes,3 Control V
3,New,South,C,Control V,Control,7/13/2021,CV - 41,0,0,0,0,0,No,No,3 Control V
3,New,South,C,Control V,Control,7/13/2021,CV - 42,1,0,0,0,1,Yes,Yes,3 Control V
3,New,South,C,Control V,Control,7/13/2021,CV - 43,0,0,0,0,0,No,No,3 Control V
3,New,South,C,Control V,Control,7/13/2021,CV - 44,10,0,0,0,10,Yes,Yes,3 Control V
3,New,South,C,Control V,Control,7/13/2021,CV - 45,0,0,0,0,0,No,No,3 Control V
3,New,South,C,Control V,Control,7/13/2021,CV - 46,0,0,0,0,0,No,No,3 Control V
3,New,South,C,Control V,Control,7/13/2021,CV - 47,6,0,0,0,6,Yes,Yes,3 Control V
3,New,South,C,Control V,Control,7/13/2021,CV - 48,0,0,0,0,0,No,No,3 Control V
3,New,South,C,Control V,Control,7/13/2021,CV - 49,1,0,0,0,1,Yes,Yes,3 Control V
3,New,South,C,Control V,Control,7/13/2021,CV - 50,0,0,0,0,0,No,No,3 Control V
3,New,South,C,Control V,Control,7/13/2021,CV - 51,0,0,0,0,0,No,No,3 Control V
3,New,South,C,Control V,Control,7/13/2021,CV - 52,1,0,0,0,1,Yes,Yes,3 Control V
4,Full,South,C,Control V,Control,7/27/2021,CV - 53,0,0,0,1,1,Yes,No,4 Control V
4,Full,South,C,Control V,Control,7/27/2021,CV - 54,0,0,0,0,0,No,No,4 Control V
4,Full,South,C,Control V,Control,7/27/2021,CV - 55,3,0,0,0,3,Yes,Yes,4 Control V
4,Full,South,C,Control V,Control,7/27/2021,CV - 56,0,0,0,0,0,No,No,4 Control V
4,Full,South,C,Control V,Control,7/27/2021,CV - 57,0,0,0,0,0,No,No,4 Control V
4,Full,South,C,Control V,Control,7/27/2021,CV - 58,1,0,0,0,1,Yes,Yes,4 Control V
4,Full,South,C,Control V,Control,7/27/2021,CV - 59,0,0,0,0,0,No,No,4 Control V
4,Full,South,C,Control V,Control,7/27/2021,CV - 60,1,0,0,0,1,Yes,Yes,4 Control V
4,Full,South,C,Control V,Control,7/27/2021,CV - 61,0,0,0,0,0,No,No,4 Control V
4,Full,South,C,Control V,Control,7/27/2021,CV - 62,0,0,0,0,0,No,No,4 Control V
4,Full,South,C,Control V,Control,7/27/2021,CV - 63,0,0,0,0,0,No,No,4 Control V
4,Full,South,C,Control V,Control,7/27/2021,CV - 64,0,0,0,2,2,Yes,No,4 Control V
4,Full,South,C,Control V,Control,7/27/2021,CV - 65,0,0,0,0,0,No,No,4 Control V
4,Full,South,C,Control V,Control,7/27/2021,CV - 66,2,0,0,0,2,Yes,Yes,4 Control V
1,New,South,D,ALAN VIII,Illuminated,6/15/2021,AVIII - 1,0,0,0,0,0,No,No,1 ALAN VIII
1,New,South,D,ALAN VIII,Illuminated,6/15/2021,AVIII - 2,0,0,0,0,0,No,No,1 ALAN VIII
1,New,South,D,ALAN VIII,Illuminated,6/15/2021,AVIII - 3,1,0,0,0,1,Yes,Yes,1 ALAN VIII
1,New,South,D,ALAN VIII,Illuminated,6/15/2021,AVIII - 4,3,0,0,0,3,Yes,Yes,1 ALAN VIII
1,New,South,D,ALAN VIII,Illuminated,6/15/2021,AVIII - 5,9,0,0,0,9,Yes,Yes,1 ALAN VIII
1,New,South,D,ALAN VIII,Illuminated,6/15/2021,AVIII - 6,3,0,0,0,3,Yes,Yes,1 ALAN VIII
1,New,South,D,ALAN VIII,Illuminated,6/15/2021,AVIII - 7,0,0,0,0,0,No,No,1 ALAN VIII
1,New,South,D,ALAN VIII,Illuminated,6/15/2021,AVIII - 8,1,0,0,0,1,Yes,Yes,1 ALAN VIII
1,New,South,D,ALAN VIII,Illuminated,6/15/2021,AVIII - 9,0,0,0,0,0,No,No,1 ALAN VIII
1,New,South,D,ALAN VIII,Illuminated,6/15/2021,AVIII - 10,11,0,0,0,11,Yes,Yes,1 ALAN VIII
1,New,South,D,ALAN VIII,Illuminated,6/15/2021,AVIII - 11,0,0,0,0,0,No,No,1 ALAN VIII
1,New,South,D,ALAN VIII,Illuminated,6/15/2021,AVIII - 12,0,0,0,0,0,No,No,1 ALAN VIII
1,New,South,D,ALAN VIII,Illuminated,6/15/2021,AVIII - 13,0,0,0,0,0,No,No,1 ALAN VIII
1,New,South,D,ALAN VIII,Illuminated,6/15/2021,AVIII - 14,1,0,0,0,1,Yes,Yes,1 ALAN VIII
1,New,South,D,ALAN VIII,Illuminated,6/15/2021,AVIII - 15,0,1,0,0,1,Yes,Yes,1 ALAN VIII
1,New,South,D,ALAN VIII,Illuminated,6/15/2021,AVIII - 16,0,0,0,0,0,No,No,1 ALAN VIII
1,New,South,D,ALAN VIII,Illuminated,6/15/2021,AVIII - 17,0,0,0,0,0,No,No,1 ALAN VIII
2,Full,South,D,ALAN VIII,Illuminated,6/28/2021,AVIII - 18,7,0,0,0,7,Yes,Yes,2 ALAN VIII
2,Full,South,D,ALAN VIII,Illuminated,6/28/2021,AVIII - 19,0,0,0,0,0,No,No,2 ALAN VIII
2,Full,South,D,ALAN VIII,Illuminated,6/28/2021,AVIII - 20,4,0,0,1,5,Yes,Yes,2 ALAN VIII
2,Full,South,D,ALAN VIII,Illuminated,6/28/2021,AVIII - 21,2,0,0,0,2,Yes,Yes,2 ALAN VIII
2,Full,South,D,ALAN VIII,Illuminated,6/28/2021,AVIII - 22,0,1,0,0,1,Yes,Yes,2 ALAN VIII
2,Full,South,D,ALAN VIII,Illuminated,6/28/2021,AVIII - 23,0,0,0,0,0,No,No,2 ALAN VIII
2,Full,South,D,ALAN VIII,Illuminated,6/28/2021,AVIII - 24,0,1,0,0,1,Yes,Yes,2 ALAN VIII
2,Full,South,D,ALAN VIII,Illuminated,6/28/2021,AVIII - 25,1,0,0,0,1,Yes,Yes,2 ALAN VIII
2,Full,South,D,ALAN VIII,Illuminated,6/28/2021,AVIII - 26,0,0,0,0,0,No,No,2 ALAN VIII
2,Full,South,D,ALAN VIII,Illuminated,6/28/2021,AVIII - 27,1,0,0,0,1,Yes,Yes,2 ALAN VIII
2,Full,South,D,ALAN VIII,Illuminated,6/28/2021,AVIII - 28,0,0,0,0,0,No,No,2 ALAN VIII
2,Full,South,D,ALAN VIII,Illuminated,6/28/2021,AVIII - 29,0,0,0,0,0,No,No,2 ALAN VIII
2,Full,South,D,ALAN VIII,Illuminated,6/28/2021,AVIII - 30,1,0,0,0,1,Yes,Yes,2 ALAN VIII
2,Full,South,D,ALAN VIII,Illuminated,6/28/2021,AVIII - 31,0,0,0,0,0,No,No,2 ALAN VIII
2,Full,South,D,ALAN VIII,Illuminated,6/28/2021,AVIII - 32,2,0,0,0,2,Yes,Yes,2 ALAN VIII
2,Full,South,D,ALAN VIII,Illuminated,6/28/2021,AVIII - 33,1,0,0,0,1,Yes,Yes,2 ALAN VIII
2,Full,South,D,ALAN VIII,Illuminated,6/28/2021,AVIII - 34,0,0,0,0,0,No,No,2 ALAN VIII
2,Full,South,D,ALAN VIII,Illuminated,6/28/2021,AVIII - 35,0,0,0,0,0,No,No,2 ALAN VIII
2,Full,South,D,ALAN VIII,Illuminated,6/28/2021,AVIII - 36,0,0,0,0,0,No,No,2 ALAN VIII
3,New,South,D,ALAN VIII,Illuminated,7/13/2021,AVIII - 37,1,0,0,0,1,Yes,Yes,3 ALAN VIII
3,New,South,D,ALAN VIII,Illuminated,7/13/2021,AVIII - 38,0,0,0,0,0,No,No,3 ALAN VIII
3,New,South,D,ALAN VIII,Illuminated,7/13/2021,AVIII - 39,0,1,0,0,1,Yes,Yes,3 ALAN VIII
3,New,South,D,ALAN VIII,Illuminated,7/13/2021,AVIII - 40,0,0,0,0,0,No,No,3 ALAN VIII
3,New,South,D,ALAN VIII,Illuminated,7/13/2021,AVIII - 41,0,0,0,0,0,No,No,3 ALAN VIII
3,New,South,D,ALAN VIII,Illuminated,7/13/2021,AVIII - 42,0,0,0,0,0,No,No,3 ALAN VIII
3,New,South,D,ALAN VIII,Illuminated,7/13/2021,AVIII - 43,0,0,0,1,1,Yes,No,3 ALAN VIII
3,New,South,D,ALAN VIII,Illuminated,7/13/2021,AVIII - 44,0,0,0,0,0,No,No,3 ALAN VIII
3,New,South,D,ALAN VIII,Illuminated,7/13/2021,AVIII - 45,1,0,0,0,1,Yes,Yes,3 ALAN VIII
3,New,South,D,ALAN VIII,Illuminated,7/13/2021,AVIII - 46,0,0,0,0,0,No,No,3 ALAN VIII
3,New,South,D,ALAN VIII,Illuminated,7/13/2021,AVIII - 47,1,1,0,0,2,Yes,Yes,3 ALAN VIII
3,New,South,D,ALAN VIII,Illuminated,7/13/2021,AVIII - 48,0,0,0,0,0,No,No,3 ALAN VIII
3,New,South,D,ALAN VIII,Illuminated,7/13/2021,AVIII - 49,2,0,0,0,2,Yes,Yes,3 ALAN VIII
3,New,South,D,ALAN VIII,Illuminated,7/13/2021,AVIII - 50,1,0,0,0,1,Yes,Yes,3 ALAN VIII
3,New,South,D,ALAN VIII,Illuminated,7/13/2021,AVIII - 51,0,0,0,0,0,No,No,3 ALAN VIII
3,New,South,D,ALAN VIII,Illuminated,7/13/2021,AVIII - 52,2,0,0,0,2,Yes,Yes,3 ALAN VIII
3,New,South,D,ALAN VIII,Illuminated,7/13/2021,AVIII - 53,0,0,0,0,0,No,No,3 ALAN VIII
3,New,South,D,ALAN VIII,Illuminated,7/13/2021,AVIII - 54,10,0,0,0,10,Yes,Yes,3 ALAN VIII
4,Full,South,D,ALAN VIII,Illuminated,7/27/2021,AVIII - 55,0,5,0,0,5,Yes,Yes,4 ALAN VIII
4,Full,South,D,ALAN VIII,Illuminated,7/27/2021,AVIII - 56,1,0,0,0,1,Yes,Yes,4 ALAN VIII
4,Full,South,D,ALAN VIII,Illuminated,7/27/2021,AVIII - 57,0,0,0,0,0,No,No,4 ALAN VIII
4,Full,South,D,ALAN VIII,Illuminated,7/27/2021,AVIII - 58,0,0,0,0,0,No,No,4 ALAN VIII
4,Full,South,D,ALAN VIII,Illuminated,7/27/2021,AVIII - 59,3,0,0,0,3,Yes,Yes,4 ALAN VIII
4,Full,South,D,ALAN VIII,Illuminated,7/27/2021,AVIII - 60,1,2,0,0,3,Yes,Yes,4 ALAN VIII
4,Full,South,D,ALAN VIII,Illuminated,7/27/2021,AVIII - 61,0,0,0,0,0,No,No,4 ALAN VIII
4,Full,South,D,ALAN VIII,Illuminated,7/27/2021,AVIII - 62,0,0,0,0,0,No,No,4 ALAN VIII
4,Full,South,D,ALAN VIII,Illuminated,7/27/2021,AVIII - 63,0,0,0,0,0,No,No,4 ALAN VIII
4,Full,South,D,ALAN VIII,Illuminated,7/27/2021,AVIII - 64,2,0,0,0,2,Yes,Yes,4 ALAN VIII
4,Full,South,D,ALAN VIII,Illuminated,7/27/2021,AVIII - 65,1,2,0,0,3,Yes,Yes,4 ALAN VIII
4,Full,South,D,ALAN VIII,Illuminated,7/27/2021,AVIII - 66,0,0,0,0,0,No,No,4 ALAN VIII
4,Full,South,D,ALAN VIII,Illuminated,7/27/2021,AVIII - 67,0,0,0,0,0,No,No,4 ALAN VIII
4,Full,South,D,ALAN VIII,Illuminated,7/27/2021,AVIII - 68,2,1,0,0,3,Yes,Yes,4 ALAN VIII
4,Full,South,D,ALAN VIII,Illuminated,7/27/2021,AVIII - 69,13,0,0,2,15,Yes,Yes,4 ALAN VIII
1,New,South,D,Control VII,Control,6/15/2021,CVII - 1,1,0,0,0,1,Yes,Yes,1 Control VII
1,New,South,D,Control VII,Control,6/15/2021,CVII - 2,3,0,0,0,3,Yes,Yes,1 Control VII
1,New,South,D,Control VII,Control,6/15/2021,CVII - 3,2,0,0,0,2,Yes,Yes,1 Control VII
1,New,South,D,Control VII,Control,6/15/2021,CVII - 4,0,0,0,0,0,No,No,1 Control VII
1,New,South,D,Control VII,Control,6/15/2021,CVII - 5,1,0,0,0,1,Yes,Yes,1 Control VII
1,New,South,D,Control VII,Control,6/15/2021,CVII - 6,0,0,0,0,0,No,No,1 Control VII
1,New,South,D,Control VII,Control,6/15/2021,CVII - 7,1,0,0,0,1,Yes,Yes,1 Control VII
1,New,South,D,Control VII,Control,6/15/2021,CVII - 8,2,1,0,0,3,Yes,Yes,1 Control VII
1,New,South,D,Control VII,Control,6/15/2021,CVII - 9,0,0,0,0,0,No,No,1 Control VII
1,New,South,D,Control VII,Control,6/15/2021,CVII - 10,1,0,0,0,1,Yes,Yes,1 Control VII
1,New,South,D,Control VII,Control,6/15/2021,CVII - 11,0,0,0,0,0,No,No,1 Control VII
1,New,South,D,Control VII,Control,6/15/2021,CVII - 12,3,0,0,0,3,Yes,Yes,1 Control VII
1,New,South,D,Control VII,Control,6/15/2021,CVII - 13,2,0,0,0,2,Yes,Yes,1 Control VII
1,New,South,D,Control VII,Control,6/15/2021,CVII - 14,0,0,0,0,0,No,No,1 Control VII
1,New,South,D,Control VII,Control,6/15/2021,CVII - 15,0,0,0,0,0,No,No,1 Control VII
1,New,South,D,Control VII,Control,6/15/2021,CVII - 16,0,0,0,0,0,No,No,1 Control VII
2,Full,South,D,Control VII,Control,6/28/2021,CVII - 17,0,0,0,0,0,No,No,2 Control VII
2,Full,South,D,Control VII,Control,6/28/2021,CVII - 18,0,0,0,0,0,No,No,2 Control VII
2,Full,South,D,Control VII,Control,6/28/2021,CVII - 19,0,0,0,0,0,No,No,2 Control VII
2,Full,South,D,Control VII,Control,6/28/2021,CVII - 20,3,0,0,1,4,Yes,Yes,2 Control VII
2,Full,South,D,Control VII,Control,6/28/2021,CVII - 21,0,0,0,0,0,No,No,2 Control VII
2,Full,South,D,Control VII,Control,6/28/2021,CVII - 22,1,0,0,0,1,Yes,Yes,2 Control VII
2,Full,South,D,Control VII,Control,6/28/2021,CVII - 23,0,0,0,0,0,No,No,2 Control VII
2,Full,South,D,Control VII,Control,6/28/2021,CVII - 24,0,0,0,0,0,No,No,2 Control VII
2,Full,South,D,Control VII,Control,6/28/2021,CVII - 25,2,0,0,0,2,Yes,Yes,2 Control VII
2,Full,South,D,Control VII,Control,6/28/2021,CVII - 26,2,0,0,0,2,Yes,Yes,2 Control VII
2,Full,South,D,Control VII,Control,6/28/2021,CVII - 27,0,0,0,0,0,No,No,2 Control VII
2,Full,South,D,Control VII,Control,6/28/2021,CVII - 28,1,0,0,0,1,Yes,Yes,2 Control VII
2,Full,South,D,Control VII,Control,6/28/2021,CVII - 29,0,0,0,0,0,No,No,2 Control VII
2,Full,South,D,Control VII,Control,6/28/2021,CVII - 30,0,0,0,0,0,No,No,2 Control VII
2,Full,South,D,Control VII,Control,6/28/2021,CVII - 31,3,0,0,0,3,Yes,Yes,2 Control VII
2,Full,South,D,Control VII,Control,6/28/2021,CVII - 32,0,0,0,0,0,No,No,2 Control VII
2,Full,South,D,Control VII,Control,6/28/2021,CVII - 33,2,0,0,0,2,Yes,Yes,2 Control VII
2,Full,South,D,Control VII,Control,6/28/2021,CVII - 34,0,0,0,0,0,No,No,2 Control VII
2,Full,South,D,Control VII,Control,6/28/2021,CVII - 35,0,1,0,0,1,Yes,Yes,2 Control VII
3,New,South,D,Control VII,Control,7/13/2021,CVII - 36,0,0,0,0,0,No,No,3 Control VII
3,New,South,D,Control VII,Control,7/13/2021,CVII - 37,0,0,0,0,0,No,No,3 Control VII
3,New,South,D,Control VII,Control,7/13/2021,CVII - 38,1,0,0,1,2,Yes,Yes,3 Control VII
3,New,South,D,Control VII,Control,7/13/2021,CVII - 39,0,0,0,1,1,Yes,No,3 Control VII
3,New,South,D,Control VII,Control,7/13/2021,CVII - 40,0,2,0,0,2,Yes,Yes,3 Control VII
3,New,South,D,Control VII,Control,7/13/2021,CVII - 41,4,0,0,1,5,Yes,Yes,3 Control VII
3,New,South,D,Control VII,Control,7/13/2021,CVII - 42,1,0,0,0,1,Yes,Yes,3 Control VII
3,New,South,D,Control VII,Control,7/13/2021,CVII - 43,0,0,0,0,0,No,No,3 Control VII
3,New,South,D,Control VII,Control,7/13/2021,CVII - 44,0,0,0,0,0,No,No,3 Control VII
3,New,South,D,Control VII,Control,7/13/2021,CVII - 45,0,0,0,0,0,No,No,3 Control VII
3,New,South,D,Control VII,Control,7/13/2021,CVII - 46,6,0,0,1,7,Yes,Yes,3 Control VII
3,New,South,D,Control VII,Control,7/13/2021,CVII - 47,0,0,0,0,0,No,No,3 Control VII
3,New,South,D,Control VII,Control,7/13/2021,CVII - 48,0,0,0,0,0,No,No,3 Control VII
3,New,South,D,Control VII,Control,7/13/2021,CVII - 49,0,0,0,0,0,No,No,3 Control VII
3,New,South,D,Control VII,Control,7/13/2021,CVII - 50,1,0,0,0,1,Yes,Yes,3 Control VII
3,New,South,D,Control VII,Control,7/13/2021,CVII - 51,0,0,0,0,0,No,No,3 Control VII
3,New,South,D,Control VII,Control,7/13/2021,CVII - 52,0,0,0,0,0,No,No,3 Control VII
4,Full,South,D,Control VII,Control,7/27/2021,CVII - 53,2,0,0,0,2,Yes,Yes,4 Control VII
4,Full,South,D,Control VII,Control,7/27/2021,CVII - 54,0,0,0,0,0,No,No,4 Control VII
4,Full,South,D,Control VII,Control,7/27/2021,CVII - 55,0,0,0,0,0,No,No,4 Control VII
4,Full,South,D,Control VII,Control,7/27/2021,CVII - 56,2,0,0,1,3,Yes,Yes,4 Control VII
4,Full,South,D,Control VII,Control,7/27/2021,CVII - 57,0,0,0,0,0,No,No,4 Control VII
4,Full,South,D,Control VII,Control,7/27/2021,CVII - 58,3,0,0,1,4,Yes,Yes,4 Control VII
4,Full,South,D,Control VII,Control,7/27/2021,CVII - 59,0,0,0,0,0,No,No,4 Control VII
4,Full,South,D,Control VII,Control,7/27/2021,CVII - 60,0,0,0,0,0,No,No,4 Control VII
4,Full,South,D,Control VII,Control,7/27/2021,CVII - 61,1,0,0,0,1,Yes,Yes,4 Control VII
4,Full,South,D,Control VII,Control,7/27/2021,CVII - 62,1,0,0,0,1,Yes,Yes,4 Control VII
4,Full,South,D,Control VII,Control,7/27/2021,CVII - 63,0,0,0,0,0,No,No,4 Control VII
4,Full,South,D,Control VII,Control,7/27/2021,CVII - 64,1,0,0,1,2,Yes,Yes,4 Control VII
4,Full,South,D,Control VII,Control,7/27/2021,CVII - 65,4,0,0,0,4,Yes,Yes,4 Control VII
4,Full,South,D,Control VII,Control,7/27/2021,CVII - 66,0,0,0,0,0,No,No,4 Control VII
4,Full,South,D,Control VII,Control,7/27/2021,CVII - 67,0,0,0,0,0,No,No,4 Control VII
